hr_focus_007,spk_1,"Welcome to the monthly wellbeing and policy sync. Let's start with a check-in on how everyone is managing their workload and stress levels.",hr
hr_focus_007,spk_2,"Thanks. From a project side, we have some tight deliverables this sprint, but I want to make sure the team has the support needed to meet those performance expectations without burning out.",manager
hr_focus_007,spk_3,"Honestly, I'm feeling a bit overwhelmed. I'm still struggling to understand the CI/CD pipeline, and I'm not sure where to find the documentation for it.",junior
hr_focus_007,spk_4,"Don't worry, that pipeline is notoriously tricky for everyone at first. I'm happy to pair with you this afternoon to walk through it.",other
hr_focus_007,spk_1,"I'm glad to hear that support is available. Please remember that if you ever feel your workload is impacting your wellbeing, you have dedicated PTO days specifically for mental health and burnout prevention.",hr
hr_focus_007,spk_2,"I completely agree. I'm adjusting your deliverable deadline for the pipeline task to give you ample time to learn. Mastery is the priority right now.",manager
hr_focus_007,spk_1,"Looking ahead to your career development, are there any specific training programs or skills you would like to explore this quarter?",hr
hr_focus_007,spk_3,"I'm interested in cloud infrastructure, but I'm uncertain if I'm ready for that level of complexity yet.",junior
hr_focus_007,spk_1,"That's a fantastic goal. We have a professional development budget that covers foundational courses. I can send you the link to submit a request through the employee benefits portal.",hr
hr_focus_007,spk_4,"I took that exact cloud course last year. It's very beginner-friendly and helped me a lot.",other
hr_focus_007,spk_1,"Wonderful. Also, a quick reminder that the annual performance review process is opening next week. You will need to complete your self-assessment in the HR system by the fifteenth.",hr
hr_focus_007,spk_2,"And from my side, those reviews will heavily weigh your project ownership and how you handle team coordination during critical phases.",manager
hr_focus_007,spk_1,"Before we wrap up, this is a compliance requirement: all staff must complete the updated harassment prevention and workplace grievance training by this Friday.",hr
hr_focus_007,spk_3,"I might have missed the email about that. Could you point me to the right place?",junior
hr_focus_007,spk_1,"Absolutely. It's located in the employee handbook section of our intranet. Let me know if you have any trouble accessing it, and I can guide you through the internal HR procedures.",hr
hr_focus_007,spk_4,"I just finished it yesterday. The new module on reporting workplace grievances is actually very clear and straightforward.",other
hr_focus_007,spk_1,"I'm glad to hear that. Please remember that the grievance procedure is strictly confidential, and my door is always open if you ever need to discuss any concerns.",hr
hr_focus_007,spk_2,"Great. On the operational side, we are fully aligned on the next sprint priorities. Let's keep the communication channels open.",manager
hr_focus_007,spk_3,"Thanks, I'll look for that email and start the training today.",junior
hr_focus_007,spk_1,"Perfect. One final note: open enrollment for our health and wellness employee benefits begins on Monday. Please review the materials we sent out.",hr
hr_focus_007,spk_4,"Sounds good, I'll make sure to review the benefits guide as well.",other
hr_focus_005,spk_3,"Welcome everyone. Today's sync is dedicated to the open enrollment for our flexible benefits and the mandatory annual compliance training.",hr
hr_focus_005,spk_1,"Thanks for taking the time. I know we have tight deliverables for the Q3 release, but getting these administrative tasks sorted is a top priority for team coordination.",manager
hr_focus_005,spk_3,"Exactly. Starting Monday, you can log into the HR portal to adjust your health and wellness allocations. Have you had a chance to review the new mental health stipend options?",hr
hr_focus_005,spk_4,"I was looking at it, but I'm a bit confused. If I opt into the new wellness stipend, does it replace my current gym reimbursement, or is it an addition?",junior
hr_focus_005,spk_3,"It is an addition. The wellness stipend is specifically designed to cover mental health apps, ergonomic equipment, and mindfulness courses, separate from your physical fitness reimbursement.",hr
hr_focus_005,spk_2,"I noticed the portal UI was updated too. The new dashboard makes it much easier to compare the different deductible tiers side-by-side.",other
hr_focus_005,spk_3,"I'm glad that improvement is visible. We also need to address the mandatory workplace conduct and grievance reporting training. The deadline to complete the module is next Friday.",hr
hr_focus_005,spk_1,"I've already blocked out two hours on Thursday for the team to focus on this. Please ensure your project priorities are paused during that window so you can complete it.",manager
hr_focus_005,spk_4,"I'm still struggling with the new testing framework we adopted last week, so pausing to do the training might actually be a relief. But what if I get stuck on the compliance quiz questions?",junior
hr_focus_005,spk_3,"The training includes a built-in help desk chat. If you encounter any issues with the grievance reporting procedures or the quiz, the HR compliance team is available to assist you in real-time.",hr
hr_focus_005,spk_2,"I took it yesterday. The scenarios around conflict resolution were surprisingly realistic. It really clarifies the internal HR procedures for escalating issues.",other
hr_focus_005,spk_3,"Thank you for that feedback. Our goal is to ensure everyone feels supported and understands the exact steps for workplace conflict mediation.",hr
hr_focus_005,spk_1,"On the technical side, we need to finalize the API integration by Wednesday. Junior, let's pair up tomorrow morning to unblock those testing issues you mentioned.",manager
hr_focus_005,spk_4,"That would be incredibly helpful. I'm just not sure if I'm mocking the database calls correctly for the new edge cases.",junior
hr_focus_005,spk_3,"Before we wrap up, a quick reminder about our Employee Assistance Program. If the upcoming project deadlines are causing any undue stress, please remember you have access to confidential counseling.",hr
hr_focus_005,spk_2,"It's definitely good to hear that. The pace has been pretty relentless this sprint.",other
hr_focus_005,spk_3,"We want to prevent burnout before it happens. Please utilize the mental health days if you need to recharge. They are separate from your standard PTO.",hr
hr_focus_005,spk_4,"I didn't realize they were separate. I'll definitely keep that in mind once I get past this current learning curve with the testing framework.",junior
hr_focus_005,spk_1,"Agreed. Team health is just as important as hitting our deliverables. Let's make sure we are pacing ourselves.",manager
hr_focus_005,spk_3,"Wonderful. I will send out the direct links to the benefits portal and the compliance training module in a follow-up email. Have a great rest of your day.",hr
hr_focus_005,spk_2,"Thanks for the clear instructions. I'll get my enrollment submitted today.",other
hr_focus_005,spk_4,"Thanks, I'll look out for the email and start the training module this afternoon.",junior
hr_focus_005,spk_1,"Appreciate you walking us through all this. Let's touch base on the project status after the training block tomorrow.",manager
hr_focus_005,spk_3,"Sounds like a plan. My door is always open if any questions come up while you are navigating the portal.",hr
hr_focus_006,spk_2,"Let's get started. We have a lot to cover regarding the Q4 project priorities and the upcoming performance review cycle.",manager
hr_focus_006,spk_4,"Thanks for kicking us off. I will take it from here to walk through the official performance review process and the career development documentation.",hr
hr_focus_006,spk_1,"I'm a bit nervous about the self-assessment. I'm still trying to figure out how to quantify my contributions to the database migration.",junior
hr_focus_006,spk_4,"That is a very common concern. The review portal has a specific section for qualitative achievements. Focus on the learning challenges you overcame and the new skills you acquired during the migration.",hr
hr_focus_006,spk_3,"I found that section really helpful. I just highlighted the cross-team collaboration I did, and it made writing the rest of the form much easier.",other
hr_focus_006,spk_2,"Exactly. From a project perspective, I will be evaluating how well you align your technical deliverables with our broader team coordination goals.",manager
hr_focus_006,spk_4,"Following the self-assessment, we will be launching the new internal mentorship program. This is a great opportunity to focus on your long-term career development and training programs.",hr
hr_focus_006,spk_1,"That sounds interesting, but I'm not sure if I have the right experience to be paired with a senior mentor. I still feel like I'm learning the basics of our architecture.",junior
hr_focus_006,spk_4,"The program is specifically designed for your level. The mentors are trained to help junior employees navigate technical difficulties and map out their career growth paths.",hr
hr_focus_006,spk_3,"I participated in the pilot version last quarter. The structured monthly check-ins really helped me understand the internal HR procedures for promotions.",other
hr_focus_006,spk_2,"I fully support this. We need to ensure you are getting the right guidance to meet our performance expectations for the next level.",manager
hr_focus_006,spk_4,"To enroll, you just need to log into the learning portal and select your top three skill areas you want to develop. The deadline to submit your preferences is this Friday.",hr
hr_focus_006,spk_1,"I can definitely do that. I've been struggling with our CI/CD pipeline configurations, so I'll probably list that as my top learning challenge.",junior
hr_focus_006,spk_4,"Perfect. We have several DevOps leaders who have volunteered to mentor on exactly those types of infrastructure workflows.",hr
hr_focus_006,spk_2,"While you are in the portal, please also verify your emergency contact information. It is a strict compliance requirement for all active employees.",manager
hr_focus_006,spk_4,"Yes, please ensure that is updated. We also want to remind everyone about our employee wellbeing resources. The performance review period can be stressful.",hr
hr_focus_006,spk_3,"I appreciate the reminder. I've been using the focus-time blocks we discussed last month, and it has really helped my mental health during these busy sprints.",other
hr_focus_006,spk_4,"That is exactly what those blocks are for. Burnout prevention is a key priority for us. If you feel overwhelmed by the review process or your project deliverables, please reach out.",hr
hr_focus_006,spk_1,"Thanks. It helps to know there is support available if I get too stuck on the self-assessment or the technical work.",junior
hr_focus_006,spk_2,"Alright, let's wrap up. I expect all draft deliverables for the Q4 roadmap by Wednesday, and the HR portal submissions by Friday.",manager
hr_focus_006,spk_4,"I will send a calendar invite with all the relevant links to the review portal, the mentorship enrollment, and the wellbeing resources.",hr
hr_focus_006,spk_3,"Sounds good. I'll get my preferences submitted before the end of the day.",other
hr_focus_006,spk_1,"Thanks for breaking down the process. I feel a lot more confident about tackling the self-assessment now.",junior
hr_focus_006,spk_2,"Great. Let's keep the momentum going on the project priorities, and don't hesitate to ask for help when you need it.",manager
hr_focus_007,spk_2,"Welcome to our monthly culture and policy check-in. The goal today is to discuss team dynamics, hiring updates, and any systemic issues affecting morale.",hr
hr_focus_007,spk_4,"Thanks. From a delivery standpoint, we have some tight deadlines for the mobile release, but I want to ensure the team has the support needed to maintain our performance expectations.",manager
hr_focus_007,spk_3,"Honestly, the context switching between support tickets and feature work is impacting my velocity. I'm spending more time reading legacy code than writing new features, and I'm feeling a bit lost.",junior
hr_focus_007,spk_1,"Let's schedule a knowledge transfer session. Senior devs can pair with juniors for an hour each day this week to bridge the gap and share institutional knowledge.",other
hr_focus_007,spk_2,"I love that proactive approach. As a reminder, if you ever feel your workload is impacting your wellbeing, you have dedicated PTO days specifically for mental health and burnout prevention.",hr
hr_focus_007,spk_4,"I completely agree. I'm adjusting your deliverable deadline for the mobile task to give you ample time to learn. Mastery is the priority right now, not speed.",manager
hr_focus_007,spk_2,"On the topic of team growth, we are currently interviewing candidates for the two open senior engineering roles. Have you reviewed the updated competency rubrics we use for hiring?",hr
hr_focus_007,spk_1,"Yes, I reviewed them yesterday. The focus on system design and mentorship experience is a great shift from the previous coding-test-heavy process.",other
hr_focus_007,spk_2,"Exactly. We want to ensure we are hiring for long-term cultural add and leadership potential. If anyone is interested in joining the interview panel, please let me know.",hr
hr_focus_007,spk_3,"I'd love to shadow an interview to see how the process works, but I'm not sure if I'm qualified to be an official interviewer yet.",junior
hr_focus_007,spk_2,"Shadowing is a fantastic career development opportunity. I will add you to the observer list for the next round. It's a great way to understand what we look for in senior talent.",hr
hr_focus_007,spk_4,"That's a great idea. Understanding the hiring bar will also help you map out your own career progression and performance expectations for the next level.",manager
hr_focus_007,spk_2,"Speaking of progression, I want to remind everyone about our flexible working policy. We've updated the guidelines for remote work and core collaboration hours.",hr
hr_focus_007,spk_3,"Does the new policy affect core hours? I want to ensure I'm available for stand-ups and planning sessions without burning out.",junior
hr_focus_007,spk_2,"Core hours remain 10 AM to 3 PM local time for synchronous work. Outside of that window, you have flexibility, provided you align with your team's coordination needs.",hr
hr_focus_007,spk_1,"I'll update my calendar blocks accordingly. Thanks for the clear communication on the changes. It really helps with work-life balance.",other
hr_focus_007,spk_2,"We also want to check in on psychological safety. We're conducting a quick pulse survey next week. Your anonymous feedback shapes our culture initiatives and grievance procedures.",hr
hr_focus_007,spk_3,"I appreciate that we can speak up about concerns without fear. The recent retrospective felt very constructive and blameless.",junior
hr_focus_007,spk_2,"That is wonderful to hear. Please remember that if any interpersonal issues arise, you can address them directly first, or escalate to HR through our confidential grievance portal.",hr
hr_focus_007,spk_4,"Great. Let's wrap up. I expect all draft deliverables for the mobile release by Wednesday, and please ensure your HR portal profiles are up to date.",manager
hr_focus_007,spk_2,"I will send a calendar invite with all the relevant links to the interview shadowing schedule, the remote work policy, and the wellbeing resources.",hr
hr_focus_007,spk_1,"Sounds good. I'll make sure to submit my interest in joining the interview panel by the end of the day.",other
hr_focus_007,spk_3,"Thanks for breaking down the process. I feel a lot more confident about my workload and the shadowing opportunity now.",junior
hr_focus_007,spk_4,"Great. Let's keep the momentum going on the project priorities, and don't hesitate to ask for help when you need it.",manager