meeting_id,speaker_id,full_text,role
scrum_001,spk_1,"Morning everyone. Let’s keep it quick—what did you do yesterday, and what’s the plan today? Sure, check the /docs/api folder in the monorepo. And feel better! Let me know if you’re stuck after looking.",manager
scrum_001,spk_2,Yesterday I finished the auth middleware refactor. Today I’ll start on the rate-limiting feature. No blockers.,other
scrum_001,spk_3,"I was out sick yesterday, so I’m catching up today. I’ll pick up the mobile API docs task. Um… actually, I’m not sure where those doc files live—can someone point me?",junior
scrum_001,spk_4,I reviewed the two open PRs and left comments. Today I’m testing the caching layer changes. Build’s green now.,other
scrum_002,spk_1,"Alright team, quick stand-up. Who’s up first? Okay, I’ll pair with you after stand-up. Also, DevOps has a ticket open—ping them on Slack and CC me.",manager
scrum_002,spk_2,Yesterday I worked on the payment webhook integration. Today I’ll add retry logic. Ran into an issue with the sandbox env—might need DevOps help.,other
scrum_002,spk_3,"I was trying to write unit tests for the new form validation, but I keep getting weird mocks errors. Not sure if I’m setting up Jest right...",junior
scrum_002,spk_4,I merged the profile image upload fix. Working on the analytics dashboard today. No blockers.,other
scrum_003,spk_1,Let’s go. Keep updates tight—we’ve got a demo tomorrow. Check your .eslintrc—there’s a team-wide rule update. I’ll send you the PR link. And DevOps is prioritizing the CORS fix today.,manager
scrum_003,spk_2,Yesterday I polished the onboarding flow UI. Today I’ll hook it up to the backend endpoints. Waiting on that CORS fix from DevOps though.,other
scrum_003,spk_3,I tried to deploy my branch but the CI pipeline failed on linting. I fixed the errors locally but it’s still failing remotely. Kind of confused...,junior
scrum_003,spk_4,Wrapped up the data export feature. Sent a PR—could use a review by EOD if possible.,other
scrum_004,spk_1,"Morning. Let’s hear updates and blockers. Absolutely—tag me on your draft PR. Also, we’ll do a quick query debugging session after lunch.",manager
scrum_004,spk_2,Yesterday I debugged the memory leak in the job queue. Today I’ll implement the fix and add monitoring. No blockers.,other
scrum_004,spk_3,"I’m working on the user search filter. I think I’m close, but the Elasticsearch query isn’t returning expected results. Can someone review my query syntax later?",junior
scrum_004,spk_4,I updated the localization strings and tested RTL layout. Moving to accessibility checks next.,other
scrum_005,spk_1,Quick sync. What’s everyone working on? Good question—let’s use the context + lazy hydration pattern we used in the settings page. I’ll share the file path.,manager
scrum_005,spk_2,Finished the OAuth2 migration. Today I’m writing docs for the internal wiki. PR’s merged.,other
scrum_005,spk_3,"I started the task to add dark mode toggle, but I’m not sure how to structure the theme provider without breaking SSR...",junior
scrum_005,spk_4,Testing the notification service edge cases. Found one race condition—I’ll file a ticket and patch it today.,other
scrum_006,spk_1,"Alright team, stand-up time. Keep it under two minutes each. Check the test timeout config—staging has slower I/O. Also, make sure you’re not mocking time inconsistently. Pair with me after this?",manager
scrum_006,spk_2,Yesterday I optimized the database indexes for the reporting module. Today I’ll monitor query performance in staging.,other
scrum_006,spk_3,"I’m trying to fix the CI timeout on the E2E tests, but I don’t understand why it passes locally and fails in the runner...",junior
scrum_006,spk_4,Completed the user role permission audit. Ready for QA sign-off.,other
scrum_007,spk_1,"Morning. Any urgent blockers before we dive in? Use BrowserStack—we have a license. I’ll send you the login. And yes, likely z-index—compare with the header component.",manager
scrum_007,spk_2,No blockers. Yesterday I added retry logic to the email service. Today I’ll write integration tests.,other
scrum_007,spk_3,"I was assigned the bug where the modal doesn’t close on mobile. I think it’s a z-index issue, but I’m not 100% sure how to test on real devices...",junior
scrum_007,spk_4,I’m reviewing security headers for the new microservice. Should have a PR by noon.,other
scrum_008,spk_1,Let’s get started. What did you accomplish yesterday? Likely related to EXIF data—log a ticket and tag frontend infra. Don’t ship with unhandled errors.,manager
scrum_008,spk_2,Deployed the feature flag system to prod. Monitoring metrics today. All green so far.,other
scrum_008,spk_3,"I worked on the user avatar upload component. It works, but I’m getting a weird console error about image encoding. Not sure if it’s critical...",junior
scrum_008,spk_4,I finished the GraphQL schema for the new inventory module. Waiting on API design review.,other
scrum_009,spk_1,Quick stand-up. Focus on blockers—we’re in the final week of the sprint. Use the date-fns-tz library—we standardized on it last quarter. I’ll send you the internal guide. Don’t roll your own timezone logic.,manager
scrum_009,spk_2,I wrapped up the audit logging feature. PR is ready—would appreciate a review today.,other
scrum_009,spk_3,"I’ve been stuck on the timezone conversion bug. Tried three approaches, but the test still fails for edge cases like DST...",junior
scrum_009,spk_4,Refactored the error boundary component. Added Sentry integration. No issues.,other
scrum_010,spk_1,"Last stand-up before release. Confirm your tickets are done or blocked. Great work! Tag our a11y champion on the PR—they’ll review. And yes, always validate with screen readers before merging.",manager
scrum_010,spk_2,My config validation PR was merged. Verified in staging—good to go.,other
scrum_010,spk_3,I finished the tooltip accessibility fix! But I’m not sure if I wrote the ARIA labels correctly. Can someone double-check?,junior
scrum_010,spk_4,Load tested the new search API. Scales to 10k RPM. Ready for release.,other
scrum_011,spk_1,"Morning, team. Quick updates. Sam, go first. Yeah, I’ll review it right after stand-up. If needed we can pair this afternoon. Cool. No major blockers then. Let’s keep moving.",manager
scrum_011,spk_2,Yesterday I finished the API refactor. Today I’ll write tests. No blockers.,other
scrum_011,spk_3,Yesterday I tried integrating the new auth flow. I'm stuck on a token refresh issue. Can someone check my PR?,junior
scrum_011,spk_4,Yesterday I debugged the caching bug. Today I'll push a fix. Need a quick review later.,other
scrum_012,spk_1,"Alright, updates. Junior first today. Yep, pair with Jamie on that. Next? Good. My plan is to finalize the sprint goals after this. Ping me if anything comes up.",manager
scrum_012,spk_3,Yesterday I worked on the UI validations. Today I’ll finish the error states. My test snapshot keeps failing and I don’t know why.,junior
scrum_012,spk_2,I can help after lunch. Could be a stale mock.,other
scrum_012,spk_4,Yesterday wrapped up the logging improvements. Today starting metrics instrumentation. No blockers.,other
scrum_013,spk_1,Let’s keep it tight. Updates? Send me the snippet. I'll confirm before you run it. Sure. Looks fine overall. Keep going.,manager
scrum_013,spk_2,Yesterday I reviewed two PRs. Today I’ll continue the billing integration. No blockers.,other
scrum_013,spk_3,Yesterday I learned how to write the migration. Today I’ll run it in staging. But I'm unsure about one column default.,junior
scrum_013,spk_4,Yesterday checked load test results. Today tweaking configs. Might need a quick sanity check later.,other
scrum_014,spk_1,"Let’s start with blockers today. Anyone stuck? Good. Updates otherwise? Alright team, let’s keep momentum.",manager
scrum_014,spk_3,My build keeps failing after pulling main. I think it's a dependency mismatch.,junior
scrum_014,spk_2,I saw something similar. I’ll help right after stand-up.,other
scrum_014,spk_4,Yesterday moved the feature flags. Today enabling them per environment. No blockers.,other
scrum_015,spk_1,"Morning, all. Junior, your update? Pair for 15 minutes after this. Next? Great. I’ll focus on the release checklist today.",manager
scrum_015,spk_3,Yesterday I tried writing the unit tests for the webhook handler. I'm not confident about the mocks. Today I’ll redo them.,junior
scrum_015,spk_2,I can show you a pattern we use in payments. Might help simplify.,other
scrum_015,spk_4,Yesterday I updated analytics dashboards. Today working on drill-down filters. No blockers.,other
scrum_016,spk_1,"Alright, let’s start. Any urgent blockers? I’ll take it. Perfect. Anything else?",manager
scrum_016,spk_4,My PR needs a second review before merging. Not urgent though.,other
scrum_016,spk_3,Yesterday I refactored the form component. Today finishing validation. I'm confused about the schema rules.,junior
scrum_016,spk_2,I can walk you through the shared schema after stand-up.,other
scrum_017,spk_1,Let’s do updates. Start with seniors today. No worries. Pair with Taylor. Let’s keep things moving.,manager
scrum_017,spk_2,Yesterday handled deployment tweaks. Today investigating a slow endpoint. No blockers.,other
scrum_017,spk_4,Yesterday improved search indexing. Today tuning relevance. Need a quick review later.,other
scrum_017,spk_3,Yesterday I tried fixing the dropdown bug. I think I introduced another UI glitch. Today I’ll debug with guidance.,junior
scrum_018,spk_1,"Happy mid-week. Quick sync. Junior, you go first. Great. I’ll prep for the stakeholder demo today.",manager
scrum_018,spk_3,Yesterday set up the new feature branch. Today implementing the modal. Unsure about the design spec.,junior
scrum_018,spk_4,I’ll walk you through the spec after this. It’s simpler than it looks.,other
scrum_018,spk_2,Yesterday finished Docker optimizations. Today testing memory usage. No blockers.,other
scrum_019,spk_1,Let’s start. Anyone blocked? Bring it to me after stand-up. We'll walk through logs. Cool. Let’s stay on track for Friday’s milestone.,manager
scrum_019,spk_2,No blockers. Yesterday wrapped feature toggle logic. Today cleaning up tests.,other
scrum_019,spk_3,I’m stuck on a failing integration test. Not sure if it's my code or the test itself.,junior
scrum_019,spk_4,Yesterday finished performance profiling. Today adjusting DB indexes. No blockers.,other
scrum_020,spk_1,Final stand-up of the week. Updates? Good. Ping any of us if you hit issues. Let’s wrap and finish strong today.,manager
scrum_020,spk_4,Yesterday merged the audit logging work. Today writing docs. No blockers.,other
scrum_020,spk_2,Yesterday reviewed two PRs. Today pairing on the search fix. No blockers.,other
scrum_020,spk_3,Yesterday continued learning the testing framework. Today I’ll write my first end-to-end test. Might need help if I get stuck.,junior
scrum_021,spk_1,"Alright team, let’s kick off. What’s everyone working on today? Ah, there’s a version mismatch—use Redis 7.2, not 7.0. The README hasn’t been updated yet. I’ll fix that today.",manager
scrum_021,spk_2,Yesterday I debugged the Kafka consumer lag. Today I’ll add metrics to track backpressure. No blockers.,other
scrum_021,spk_3,"I’m setting up the dev environment for the new microservice, but Docker Compose keeps failing on the Redis step. I’ve checked the docs twice...",junior
scrum_021,spk_4,I completed the user feedback form backend. Just waiting on the frontend PR to link it.,other
scrum_022,spk_1,Morning. Any critical issues before we start? Use the msw library for storage mocking—we have an example in the shared test utils. I’ll link it.,manager
scrum_022,spk_2,I pushed a hotfix for the checkout timeout bug. It’s in prod now. Today I’ll add a regression test.,other
scrum_022,spk_3,"I’m trying to write a test for a React hook that uses localStorage, but I can’t mock it properly in Jest...",junior
scrum_022,spk_4,Refactoring the logging middleware to support structured JSON. Halfway done.,other
scrum_023,spk_1,Let’s keep this tight—we’ve got a security audit tomorrow. Use the internal one—it’s already integrated with our CSP. Check the utils/sanitize module.,manager
scrum_023,spk_2,Audited all third-party dependencies yesterday. Removed two deprecated packages. Today I’ll update the SBOM.,other
scrum_023,spk_3,"I was asked to add input sanitization to the comment form, but I’m not sure which library we’re supposed to use—DOMPurify or our internal sanitizer?",junior
scrum_023,spk_4,Updated TLS config across all staging services. Verified with SSL Labs—A+ rating.,other
scrum_024,spk_1,"Stand-up time. Let’s hear updates. Check if you have the latest docker-compose.override.yml—it sets resource limits. Also, run ‘make db-reset’ before seeding.",manager
scrum_024,spk_2,Integrated the new payment gateway SDK. Today I’ll handle webhook signature validation.,other
scrum_024,spk_3,"My local database seed script keeps timing out. I increased the timeout, but it still fails. Not sure what’s wrong with Postgres locally...",junior
scrum_024,spk_4,Fixed the flaky Cypress test in the onboarding flow. Now it passes consistently.,other
scrum_025,spk_1,"Good morning. Sprint’s halfway—any scope risks? Avoid new deps for UI utilities—we have a custom one in /libs. Use that. And yeah, let’s move WebP to next sprint if needed.",manager
scrum_025,spk_2,The image optimization pipeline is taking longer than expected. Might need to defer the WebP fallback to next sprint.,other
scrum_025,spk_3,"I started the password strength meter task. I found an npm package, but I don’t know if we’re allowed to add new deps...",junior
scrum_025,spk_4,Added rate limiting to the auth endpoints. Tested under load—works as expected.,other
scrum_026,spk_1,Quick sync. Any urgent help needed? Variants are in LaunchDarkly—check the ‘user-onboarding’ flag. I’ll grant you read access and walk you through it after stand-up.,manager
scrum_026,spk_2,Yesterday I containerized the legacy Python service. Today I’ll test it in the QA cluster.,other
scrum_026,spk_3,"I’m trying to understand how the feature flag system works. The docs mention ‘variants,’ but I can’t find where they’re defined...",junior
scrum_026,spk_4,Migrated cron jobs from Jenkins to GitHub Actions. All green.,other
scrum_027,spk_1,"Let’s go. Focus on blockers. Check the browser console for errors. Also, ensure you’re calling the correct API route—there are two similar ones.",manager
scrum_027,spk_2,Finished the GraphQL resolver for user roles. Sent PR—needs review.,other
scrum_027,spk_3,"I’m working on the CSV export button, but when I click it, nothing happens. The onClick handler is there, but no network call...",junior
scrum_027,spk_4,Updated the OpenAPI spec for the new endpoints. Synced with frontend.,other
scrum_028,spk_1,Morning. What’s the status on high-priority tickets? Did you update the IAM policy in Terraform? Gateway routes need explicit permissions. Check the authz module.,manager
scrum_028,spk_2,Fixed the Safari layout shift bug. Verified on BrowserStack. PR merged.,other
scrum_028,spk_3,"I’m trying to add a new endpoint to the API gateway, but I keep getting 403s. I copied the config from another route though...",junior
scrum_028,spk_4,Reduced bundle size by 18% with code splitting. Live in canary.,other
scrum_029,spk_1,Stand-up time. Keep it brief. It dumps debug logs to stderr. I’ll add a comment to the parser. Good catch—docs should reflect behavior.,manager
scrum_029,spk_2,Yesterday I implemented idempotency keys for payment retries. Today I’ll add client-side handling.,other
scrum_029,spk_3,"I’m writing docs for the new CLI tool, but I’m not sure what the ‘--verbose’ flag actually does—it’s not in the code comments...",junior
scrum_029,spk_4,Upgraded Node.js to v20 in all services. Passed integration tests.,other
scrum_030,spk_1,"Alright, let’s hear what everyone’s up to. Run ‘npm run test:e2e:setup’—it starts a temp DB in Docker. We’ll add that to onboarding docs today.",manager
scrum_030,spk_2,Deployed the new caching layer to EU region. Monitoring hit ratio.,other
scrum_030,spk_3,"I tried to run the e2e tests locally, but they require a test database, and I don’t know how to spin one up...",junior
scrum_030,spk_4,Fixed a race condition in the inventory sync job. Added mutex locks.,other
scrum_031,spk_1,"Morning team. Any showstoppers? That’s for EU compliance—dates must be DD/MM. Keep the logic, but add a comment explaining why.",manager
scrum_031,spk_2,Refactored the notification templates into a shared library. PR ready.,other
scrum_031,spk_3,"I’m adding unit tests to the utils folder, but I don’t understand why the ‘formatDate’ function has a special case for ‘en-GB’...",junior
scrum_031,spk_4,Integrated Sentry for backend error tracking. Now capturing all 5xx errors.,other
scrum_032,spk_1,"Let’s sync quickly. What’s your focus today? Delete node_modules and package-lock.json, then run ‘npm install’ fresh. Never hand-edit the lockfile.",manager
scrum_032,spk_2,Working on the SSO SAML integration. Got the handshake working—now handling attribute mapping.,other
scrum_032,spk_3,"I’m stuck on a merge conflict in package-lock.json. I resolved it, but now npm install fails with duplicate packages...",junior
scrum_032,spk_4,Optimized DB queries for the user dashboard. Reduced latency by 40%.,other
scrum_033,spk_1,Stand-up. Remember—we’re targeting Thursday deploy. Check if you’re using the shared Tooltip component—it handles focus and z-index correctly. Don’t roll your own.,manager
scrum_033,spk_2,Completed the dark theme toggle. Verified with a11y tools. Ready for QA.,other
scrum_033,spk_3,"I was asked to add a tooltip to the ‘?’ icon, but when I hover, it flashes and disappears. I think it’s a CSS z-index issue...",junior
scrum_033,spk_4,Added health checks to all internal services. Kubernetes is now auto-restarting failed pods.,other
scrum_034,spk_1,Good morning. Any blockers? CI only shows the last 10k lines. Run the build locally with ‘--verbose’ or check the raw log in S3—link is in the build summary.,manager
scrum_034,spk_2,Yesterday I migrated the config from env vars to Consul. Today I’ll update the deployment scripts.,other
scrum_034,spk_3,"I’m trying to debug why the CI build is slow, but I can’t find the build logs for the test step—they’re truncated...",junior
scrum_034,spk_4,Upgraded React to 18.3. All tests pass.,other
scrum_035,spk_1,Let’s keep this under five minutes. Always test on a prod snapshot first. Use the ‘db-snapshot-2025-06-10’ dataset. I’ll approve the prod run after validation.,manager
scrum_035,spk_2,Fixed the memory leak in the WebSocket handler. Verified with heap snapshots.,other
scrum_035,spk_3,"I’m writing a script to backfill user tags, but I’m not sure if I should run it against production or a snapshot first...",junior
scrum_035,spk_4,Added OpenTelemetry tracing to all HTTP clients. Traces now appear in Jaeger.,other
scrum_036,spk_1,"Morning. Any urgent issues? Click the ‘Pod Logs’ tab in ArgoCD or run ‘kubectl logs -n apps’ with your pod name. Also, check if your image tag exists in ECR.",manager
scrum_036,spk_2,Completed the GDPR data export endpoint. Passed legal review.,other
scrum_036,spk_3,"I tried to deploy my branch, but ArgoCD says ‘sync failed’ with no details. Where do I find more logs?",junior
scrum_036,spk_4,Refactored error codes to be consistent across services. Updated the error handbook.,other
scrum_037,spk_1,Quick stand-up. What’s your top priority today? Make sure your validate function returns an object with the field name as key. Compare with the email validation example.,manager
scrum_037,spk_2,Implementing retry with exponential backoff for the third-party API calls.,other
scrum_037,spk_3,"I’m adding a new validation rule to the sign-up form, but the error message doesn’t show up. The form uses Formik—I think I’m missing something...",junior
scrum_037,spk_4,Set up synthetic monitoring for critical user journeys. Alerts are active.,other
scrum_038,spk_1,"Alright team, what’s new? The path-based trigger is broken—we’re fixing it today. For now, it’s running full suite on any change. Sorry for the noise.",manager
scrum_038,spk_2,Yesterday I reduced the Docker image size by switching to distroless. Saved 300MB per image.,other
scrum_038,spk_3,"I’m trying to understand how the CI pipeline chooses which tests to run. My PR only changed a README, but it ran all backend tests...",junior
scrum_038,spk_4,Added automated dependency updates via Renovate. First PRs are coming in.,other
scrum_039,spk_1,Morning. Let’s focus on release readiness. Use the whole form—users should know the entire action is pending. Check the shared LoadingOverlay component.,manager
scrum_039,spk_2,Finished the mobile responsive refactor for the dashboard. Tested on all device sizes.,other
scrum_039,spk_3,"I was asked to add a loading spinner during API calls, but I’m not sure where to put it—on the button or the whole form?",junior
scrum_039,spk_4,Backfilled missing audit logs for user deletions. Script completed successfully.,other
scrum_040,spk_1,Last stand-up of the sprint. Confirm your tasks are done or explain delays. Good instinct—add a client-side size check before upload. Use MAX_FILE_SIZE from constants.js.,manager
scrum_040,spk_2,Completed all my tickets. Started tech debt cleanup on the auth module.,other
scrum_040,spk_3,I finished the profile picture upload! But I’m not sure if I handled the error case when the image is too big...,junior
scrum_040,spk_4,Documented all new APIs in Swagger. Ready for release review.,other
scrum_041,spk_1,"Good morning. Quick round — any urgent blockers? Junior, send me your branch — I’ll help debug after stand-up.",manager
scrum_041,spk_2,Yesterday I wrapped the pagination API. Today starting infinite scroll. No blockers.,other
scrum_041,spk_3,I tried wiring the filter panel yesterday. Today I’ll fix a weird state bug. Kinda unsure why it resets randomly.,junior
scrum_041,spk_4,Worked on the alerts config yesterday. Today pushing PR. Need review later.,other
scrum_042,spk_1,"Alright team, quick updates. Start with backend. Junior, pair with Alex this afternoon. Don't spend too long stuck.",manager
scrum_042,spk_4,Finished the rate limit logic yesterday. Today validating edge cases. No blockers.,other
scrum_042,spk_3,Yesterday I tried fixing the modal animation. Not sure why it stutters. Today I’ll try a simpler approach.,junior
scrum_042,spk_2,Reviewed two PRs yesterday. Today migrating configs. No blockers.,other
scrum_043,spk_1,"Let’s do blockers first. Great, junior — send me logs. We’ll unblock you.",manager
scrum_043,spk_3,My test suite is failing randomly. I don’t know which mock is wrong.,junior
scrum_043,spk_2,I can help triage after lunch.,other
scrum_043,spk_4,Yesterday wrapped the signup funnel changes. Today writing metrics. No blockers.,other
scrum_044,spk_1,"Morning all. Updates? Junior, let me know if you need pairing — RTL is tricky.",manager
scrum_044,spk_2,Yesterday handled deployment rollback. Today stabilizing CI. No blockers.,other
scrum_044,spk_3,Yesterday I tried implementing the tooltip logic. Today debugging RTL issues. Not sure I'm doing it right.,junior
scrum_044,spk_4,Yesterday refined the data pipeline. Today testing throughput. Need review later.,other
scrum_045,spk_1,"Let’s keep it short today. Backend first. Junior, loop me in if it blocks progress. We can simplify the validator.",manager
scrum_045,spk_4,Worked on DB cleanup yesterday. Today removing unused indexes. No blockers.,other
scrum_045,spk_3,Yesterday I tried fixing the validator. Still failing on edge cases. Today reviewing docs again.,junior
scrum_045,spk_2,Finished dashboard graphs yesterday. Today updating queries. No blockers.,other
scrum_046,spk_1,"Anyone stuck before we do updates? Good. Junior, don’t worry — happens to all of us.",manager
scrum_046,spk_3,My environment crashed after package updates. Not sure what I broke.,junior
scrum_046,spk_2,I’ll help you reset it after stand-up.,other
scrum_046,spk_4,Yesterday built the notifications batch job. Today reviewing error handling. No blockers.,other
scrum_047,spk_1,"Status updates — front-end first. Junior, pair with Chris later — he handled breakpoints last sprint.",manager
scrum_047,spk_3,Yesterday I explored the new layout system. Today I’ll try wiring it. Might need help if breakpoints misbehave.,junior
scrum_047,spk_2,Yesterday finished some code quality fixes. Today reviewing open PRs.,other
scrum_047,spk_4,Yesterday tested edge-case flows. Today updating error banners.,other
scrum_048,spk_1,"Midweek sync — keep it fast. Junior, push your branch. I’ll check the failing logic.",manager
scrum_048,spk_2,I wrapped search filtering yesterday. Today adding synonyms. No blockers.,other
scrum_048,spk_3,Yesterday I tried optimizing my loop but broke the output. Today I’ll retry with logging on.,junior
scrum_048,spk_4,Checked S3 migration yesterday. Today verifying permissions.,other
scrum_049,spk_1,Let’s start with any issues blocking sprint goals. Good — let’s unblock junior quickly.,manager
scrum_049,spk_3,Still confused about the batch request spec. I think I implemented it wrong.,junior
scrum_049,spk_4,I can walk you through it after lunch.,other
scrum_049,spk_2,Finished metrics tagging yesterday. Today testing alerts. No blockers.,other
scrum_050,spk_1,Morning team. Updates? Great. Keep the sprint clean.,manager
scrum_050,spk_2,Yesterday reviewed retry logic. Today implementing fallback. No blockers.,other
scrum_050,spk_3,Yesterday tried styling the new banner. Today fixing overflow. Unsure which CSS variable to use.,junior
scrum_050,spk_4,I’ll show you where it's defined. Two-minute fix.,other
scrum_051,spk_1,"Start with backend today. Junior, share the hook example — I’ll clarify it.",manager
scrum_051,spk_4,Finished schema updates yesterday. Today writing migration tests. No blockers.,other
scrum_051,spk_3,I tried the new hook yesterday. Today I’ll fix dependency errors. I'm not sure about the order.,junior
scrum_051,spk_2,Yesterday looked at flaky tests. Today monitoring CI. No blockers.,other
scrum_052,spk_1,"Short sync — let’s roll. Junior, I’ll fix permissions with DevOps.",manager
scrum_052,spk_2,Yesterday optimized caching. Today measuring latency. No blockers.,other
scrum_052,spk_3,I tried connecting to staging yesterday. Today retrying because I hit a permission error.,junior
scrum_052,spk_4,Finished user settings yesterday. Today wiring preferences API.,other
scrum_053,spk_1,Let's start with risks. Anything concerning? Alright — let’s stabilize branches today.,manager
scrum_053,spk_3,My feature branch diverged too much. Merge conflicts everywhere.,junior
scrum_053,spk_2,I’ll help resolve the conflicts later.,other
scrum_053,spk_4,Yesterday tuned the cron schedule. Today checking logs.,other
scrum_054,spk_1,"Progress updates, please. Junior, pair with UX engineer later for accessibility.",manager
scrum_054,spk_4,Finished auto-scaling config. Today validating thresholds.,other
scrum_054,spk_3,Yesterday I worked on dropdown behavior. Today I’ll test keyboard nav. Might need help with focus traps.,junior
scrum_054,spk_2,Reviewed three PRs yesterday. Today cleaning unused code.,other
scrum_055,spk_1,Any blockers before updates? Alright — get junior sorted quickly.,manager
scrum_055,spk_3,My test coverage job won’t run locally. Not sure how to debug it.,junior
scrum_055,spk_4,I can show you the test runner flags.,other
scrum_055,spk_2,Yesterday I refactored auth logic. Today documenting flows.,other
scrum_056,spk_1,"Let’s keep it efficient. Updates? Junior, send me the warnings. I’ll explain them.",manager
scrum_056,spk_2,Yesterday finalized the map widget. Today optimizing markers. No blockers.,other
scrum_056,spk_3,Yesterday I tried new lint rules. Today fixing warnings. Still confused on two of them.,junior
scrum_056,spk_4,Yesterday cleaned up infra scripts. Today improving logs.,other
scrum_057,spk_1,Do we have any sprint risks? Let’s do a worker deep-dive after lunch.,manager
scrum_057,spk_4,Maybe minor — the new queue worker is slower than expected. Investigating.,other
scrum_057,spk_3,I’m still trying to understand the worker config. Might need someone to explain it.,junior
scrum_057,spk_2,Yesterday fixed minor API bugs. Today reviewing load tests.,other
scrum_058,spk_1,"Morning — backend first today. Junior, ping me — timezone logic is tricky but solvable.",manager
scrum_058,spk_4,Yesterday validated webhook retries. Today testing exponential backoff.,other
scrum_058,spk_2,Yesterday cleaned stale branches. Today merging hotfix.,other
scrum_058,spk_3,Yesterday I tried integrating the date picker. Today fixing timezone issues. Very confusing.,junior
scrum_059,spk_1,"Let’s start with open PRs. Junior, I'll review with you live after stand-up.",manager
scrum_059,spk_2,Two PRs pending review. Yesterday added new query filters. Today cleaning tests.,other
scrum_059,spk_3,My PR needs guidance. I’m not sure I structured the component correctly.,junior
scrum_059,spk_4,Yesterday wrote migration scripts. Today verifying data integrity.,other
scrum_060,spk_1,End-of-week stand-up — keep it crisp. Push early and we’ll review together. Don’t wait until evening.,manager
scrum_060,spk_4,Wrapped multi-region testing yesterday. Today handling failover tests.,other
scrum_060,spk_2,Yesterday handled cleanup tasks. Today reviewing pipeline configs.,other
scrum_060,spk_3,Yesterday I studied error boundaries. Today adding them to checkout flow. Might break something.,junior
scrum_061,spk_1,Morning. What’s everyone up to?,other
scrum_061,spk_2,Yesterday I fixed the race condition in the cache invalidation. Today I’ll add a test to prevent regressions.,other
scrum_061,spk_3,I’m debugging why the staging DB connection pool is maxing out. Suspect a leak in the new job worker.,other
scrum_062,spk_1,"Alright team, quick updates. Any blockers? Use the mkcert setup in /scripts—don’t generate your own. I’ll send you the doc link.",manager
scrum_062,spk_2,Finished the analytics event schema. Sent PR—needs review before EOD.,other
scrum_062,spk_3,"I’m trying to set up local TLS for the dev API, but I keep getting cert errors. Not sure if it’s my config or the tooling...",junior
scrum_063,spk_1,Yesterday I migrated the legacy config to env0. Today I’ll update the runbooks.,other
scrum_063,spk_2,My E2E test suite passed locally but failed in CI. I think it’s a timezone issue—looking into it now.,other
scrum_064,spk_1,Morning. Let’s keep it tight—we have a release today. Ping product—they’ll confirm. Default to ‘Download as CSV’ for now.,manager
scrum_064,spk_2,Verified all smoke tests in prod-canary. Green across the board.,other
scrum_064,spk_3,"I was asked to add a tooltip to the export button, but the design spec doesn’t say what the text should be...",junior
scrum_064,spk_4,Rolled back the faulty feature flag. Metrics normalized.,other
scrum_065,spk_1,I completed the Redis cluster upgrade in staging. Monitoring for latency spikes.,other
scrum_065,spk_2,Refactored the error boundary to log to Datadog. PR ready for review.,other
scrum_065,spk_3,"Trying to understand why my branch build is failing—the error says ‘missing artifact,’ but I didn’t change the pipeline...",junior
scrum_065,spk_4,"Oh, the artifact name changed yesterday. Update your .gitlab-ci.yml to use ‘dist-v2’.",other
scrum_066,spk_1,Yesterday I implemented the new OAuth scope validation. Today I’ll test with the mobile team.,other
scrum_066,spk_2,I’m optimizing the Nginx config for static assets. Caching headers are now aligned with best practices.,other
scrum_067,spk_1,"Stand-up time. Who’s got updates? Yes, use the /dev/email-preview endpoint. Docs are in Notion under ‘Auth Dev Guide.’",manager
scrum_067,spk_2,Fixed the flaky test in the user invite flow. Added explicit waits.,other
scrum_067,spk_3,"I’m working on the password reset flow, but I don’t know how to trigger the email in dev—do we have a mock?",junior
scrum_067,spk_4,Audited all IAM roles—removed two unused permissions.,other
scrum_067,spk_5,Updated the frontend Dockerfile to multi-stage. Image size down by 60%.,other
scrum_068,spk_1,I’m adding input validation to the admin API. Almost done—will send PR by noon.,other
scrum_068,spk_2,My build failed because of a missing license header in a new file. Fixed and re-pushed.,other
scrum_069,spk_1,Good morning. Any urgent issues before we dive in? Use jest.useFakeTimers() and advance timers by the debounce delay. I’ll share a code snippet after stand-up.,manager
scrum_069,spk_2,The S3 bucket policy update caused a 503 in the media service. Reverted and investigating.,other
scrum_069,spk_3,"I’m trying to write a test for a debounced search input, but I can’t get the timing right in Jest...",junior
scrum_070,spk_1,Completed the Terraform module for the new VPC. PR reviewed and merged.,other
scrum_070,spk_2,Upgraded the Kubernetes cluster to 1.29. All nodes healthy.,other
scrum_070,spk_3,Added Prometheus metrics to the auth service. Grafana dashboard is live.,other
scrum_071,spk_1,Yesterday I worked on the checkout error tracking. Today I’ll correlate with Stripe logs.,other
scrum_071,spk_2,I’m stuck on a merge conflict in a TypeScript file with generics. The diff is unreadable...,junior
scrum_071,spk_3,Use VS Code’s merge editor—it handles generics better. Or just accept one side and reapply your logic.,other
scrum_072,spk_1,Morning. Let’s sync quickly. Use the activity log—it’s already indexed for time range queries. Don’t bloat the users table.,manager
scrum_072,spk_2,Finished the user deletion GDPR compliance hook. Tested in EU sandbox.,other
scrum_072,spk_3,"I was asked to add a ‘last seen’ timestamp to profiles, but I’m not sure if we should store it in the main table or a separate activity log...",junior
scrum_073,spk_1,Refactored all API routes to use the new validation middleware. Zero runtime errors in canary.,other
scrum_073,spk_2,Set up automated snapshot testing for the dashboard UI. Caught three visual regressions already.,other
scrum_074,spk_1,Yesterday I containerized the legacy Ruby script. Today I’ll add health checks.,other
scrum_074,spk_2,My PR for the dark mode toggle is ready. Could use a review—especially on accessibility contrast.,other
scrum_074,spk_3,"I’m trying to run the local dev server, but it says ‘missing .env.local’. I thought it was optional?",junior
scrum_074,spk_4,It’s required now since the auth refactor. Copy .env.example and fill in the mock values.,other
scrum_075,spk_1,I implemented idempotency keys for all POST endpoints. Docs updated.,other
scrum_075,spk_2,Reduced bundle size by lazy-loading the settings module. Lighthouse score up by 12.,other
scrum_076,spk_1,"Stand-up time. Any blockers? Check the data classification doc in the security repo. Email, phone, and IP are always PII.",manager
scrum_076,spk_2,The new logging format broke our Splunk parser. Working on a fix now.,other
scrum_076,spk_3,"I’m writing a script to anonymize user data for staging, but I’m not sure which fields are PII...",junior
scrum_076,spk_4,Added circuit breaker to the third-party service client. Prevents cascading failures.,other
scrum_077,spk_1,Fixed the Safari flexbox bug in the onboarding flow. Verified on real device.,other
scrum_077,spk_2,"My CI job keeps timing out on the integration test step. Locally it takes 90 seconds, but CI gives 60...",other
scrum_078,spk_1,Morning all. What’s new?,other
scrum_078,spk_2,Yesterday I added retry logic to the email delivery service. Today I’ll simulate failure modes.,other
scrum_078,spk_3,I’m trying to understand how the feature flag rollout percentage works. Is it per user or per request?,junior
scrum_078,spk_4,Per user—based on hashed user ID. So it’s consistent across sessions.,other
scrum_079,spk_1,Completed the database migration for the new billing tables. Verified with sample data.,other
scrum_079,spk_2,Updated all npm dependencies. No breaking changes found.,other
scrum_080,spk_1,"Alright team, final day of sprint. Confirm status. Yes, please—prevent double submits. Use the isLoading state from the mutation hook.",manager
scrum_080,spk_2,All my tickets are done. Started writing docs for the new webhook system.,other
scrum_080,spk_3,I finished the profile edit form! But I’m not sure if I should disable the save button during API calls...,junior
scrum_080,spk_4,Added synthetic monitoring for login flow. Alerts configured.,other
scrum_080,spk_5,Cleaned up old CloudWatch alarms. Reduced noise by 70%.,other
scrum_081,spk_1,Yesterday I finished the auth middleware refactor. Today I’ll start on the session timeout feature.,other
scrum_081,spk_2,I’m reviewing the PR for the user profile API. Found a few edge cases—will comment shortly.,other
scrum_081,spk_3,CI failed on main last night. Looks like a flaky test in the payment module. I’ll look into it.,other
scrum_082,spk_1,Yesterday I worked on the DB migration script. Still debugging an index issue.,other
scrum_082,spk_2,I’m blocked on the analytics dashboard—waiting on the new event schema from the data team.,other
scrum_082,spk_3,"I’ll follow up with data today. In the meantime, you can mock the schema for dev.",manager
scrum_083,spk_1,I pushed the fix for the image upload bug. PR’s ready for review.,other
scrum_083,spk_2,I’m still setting up the local dev environment. Got stuck on the Docker config—any tips?,junior
scrum_083,spk_3,"Yeah, I’ll pair with you after stand-up. The docs are outdated; I’ll update them too.",other
scrum_084,spk_1,Yesterday I deployed the feature flag for dark mode. Today I’ll monitor error rates.,other
scrum_084,spk_2,The e2e tests are timing out in staging. I’ll investigate this morning.,other
scrum_085,spk_1,I’m working on the new notification service. Need help wiring up the Kafka consumer.,junior
scrum_085,spk_2,I can walk you through it after this. We use a custom deserializer—check the utils folder.,other
scrum_085,spk_3,"Great. Also, make sure you add metrics for message lag. We’ll track it in Grafana.",manager
scrum_086,spk_1,Finished the GraphQL schema changes. Wrote unit tests—coverage is at 92%.,other
scrum_086,spk_2,PR is up for the caching layer. Need two reviews before merging.,other
scrum_086,spk_3,I’ll review it—just ping me when CI passes.,other
scrum_087,spk_1,Yesterday I debugged the race condition in the inventory service. Fixed and deployed to dev.,other
scrum_087,spk_2,I’m integrating the third-party tax API. Docs are unclear—might need to reach out to their support.,other
scrum_087,spk_3,Let’s hold off on that until we confirm the cost. I’ll check with finance today.,manager
scrum_088,spk_1,I’m new to the frontend team. Trying to understand how the state management works in this codebase.,junior
scrum_088,spk_2,We use Redux Toolkit. There’s a walkthrough in the onboarding repo—check the ‘state’ folder.,other
scrum_088,spk_3,"If you’re still stuck by noon, just DM me—we’ll do a quick screen share.",other
scrum_089,spk_1,Spent yesterday optimizing the search query. Latency dropped by 40% in benchmarks.,other
scrum_089,spk_2,The CI pipeline is stuck again—looks like the artifact store is full.,other
scrum_089,spk_3,I’ll clean it up. DevOps is working on auto-pruning next week.,manager
scrum_090,spk_1,Yesterday I added validation to the signup form. Today I’ll connect it to the backend endpoint.,other
scrum_090,spk_2,PR for the password reset flow is merged. Let me know if you see any issues in QA.,other
scrum_091,spk_1,"I’m trying to write a test for the webhook handler, but I don’t understand how the mock server works.",junior
scrum_091,spk_2,Use the `test-webhook-server` package—we have an example in the auth service tests.,other
scrum_091,spk_3,And remember to clean up the mock after each test. We had flaky builds because of that.,other
scrum_092,spk_1,Yesterday I updated dependencies. Had to pin a version because of a breaking change in Axios.,other
scrum_092,spk_2,The load test results are in—API holds up to 10k RPM. Memory usage looks good too.,other
scrum_092,spk_3,Nice. Let’s document those results in the ADR before we scale further.,manager
scrum_093,spk_1,PR for the new logging format is ready. Need someone to review the JSON structure.,other
scrum_093,spk_2,I’ll take a look—I’ve been working on log aggregation lately.,other
scrum_093,spk_3,Make sure the PII fields are scrubbed. Security flagged that last sprint.,manager
scrum_094,spk_1,I’m working on the mobile sync feature. Ran into an issue with conflict resolution.,other
scrum_094,spk_2,We use vector clocks for that—check the `sync-core` module.,other
scrum_094,spk_3,"If you’re still stuck, loop in Alex—they designed that part.",other
scrum_095,spk_1,Yesterday I fixed the CORS error in the dev environment. It was a proxy config issue.,junior
scrum_095,spk_2,Good catch. Those configs are tricky—feel free to ask anytime.,other
scrum_095,spk_3,Let’s add a test for that config so it doesn’t regress.,manager
scrum_096,spk_1,I’m debugging a memory leak in the worker pod. Heap dump shows a lot of cached sessions.,other
scrum_096,spk_2,We had that before—check if the session TTL is set correctly in Redis.,other
scrum_097,spk_1,PR for the billing UI is up. Needs design review too—pinged Priya yesterday.,other
scrum_097,spk_2,I’m blocked on the export feature—waiting on the CSV spec from product.,other
scrum_097,spk_3,I’ll chase that down right after stand-up. Should have it by 11.,manager
scrum_098,spk_1,Yesterday I containerized the legacy script. Today I’ll test it in the sandbox cluster.,other
scrum_098,spk_2,I’m learning how our CI triggers work. Is there a diagram somewhere?,junior
scrum_098,spk_3,Check the infra wiki—there’s a Mermaid diagram under ‘CI/CD Flow’.,other
scrum_099,spk_1,The security scan flagged a medium severity issue in lodash. Updating now.,other
scrum_099,spk_2,I merged the feature branch. Smoke test passed in staging.,other
scrum_099,spk_3,Let’s hold off on prod deploy until after the all-hands—just in case.,manager
scrum_100,spk_1,I’m adding unit tests to the checkout service. Coverage is at 60%—aiming for 80% by EOD.,other
scrum_100,spk_2,PR for the new rate limiter is ready. Uses Redis sliding window—docs included.,other
scrum_100,spk_3,Nice. Make sure it’s behind a feature flag so we can toggle it safely.,other
scrum_101,spk_1,Yesterday I finished the auth middleware refactor. Today I’m wiring up the new user onboarding flow. No blockers.,other
scrum_101,spk_2,I was out sick yesterday. Back today—picking up the CI pipeline fixes. The last build failed on linting.,other
scrum_101,spk_3,"I’ll take a look at that lint config after stand-up. Also, my PR for the notification service is ready for review.",other
scrum_102,spk_1,Yesterday I worked on the database migration script. Ran into a schema conflict—need help verifying the rollback logic.,other
scrum_102,spk_2,"I can pair on that after this. Also, the staging deploy succeeded last night.",other
scrum_102,spk_3,"Great. By the way, the analytics dashboard PR is merged. You should see the new metrics today.",other
scrum_102,spk_4,I’m still stuck on the OAuth callback—getting a 401 in dev. Not sure if it’s config or code.,junior
scrum_102,spk_5,Check the .env file—make sure CLIENT_SECRET matches dev. I’ll DM you the right value.,manager
scrum_103,spk_1,Yesterday I debugged the payment webhook timeout. Turns out it was a DNS issue in the sandbox env.,other
scrum_103,spk_2,Nice. I’ll update the infra doc to reflect that. My task today is adding retry logic to the email service.,other
scrum_104,spk_1,I reviewed two PRs yesterday and wrote tests for the cache invalidation module. Today: performance profiling.,other
scrum_104,spk_2,My API rate limiter is ready—PR up. Could use a quick review before demo tomorrow.,other
scrum_104,spk_3,I’m still learning how the feature flag system works. Can someone show me where the toggle config lives?,junior
scrum_104,spk_4,It’s in /config/flags.yaml. I’ll walk you through it after stand-up.,other
scrum_105,spk_1,Yesterday I deployed the logging improvements. Today I’m investigating the memory leak in the worker pod.,other
scrum_105,spk_2,The memory leak—check if it’s related to the new Redis client. Saw similar behavior in another service last week.,manager
scrum_105,spk_3,I’ll grep the logs for Redis connection errors and share findings by noon.,other
scrum_106,spk_1,Finished the user profile UI. Sent to QA. Today working on dark mode toggle.,other
scrum_106,spk_2,I merged the accessibility fixes. All a11y tests are passing now.,other
scrum_106,spk_3,I’m trying to set up Storybook locally but getting dependency conflicts. Can someone help?,junior
scrum_106,spk_4,Use npm ci instead of install—it’ll respect the lockfile. Ping me if it still fails.,other
scrum_107,spk_1,Yesterday I fixed the flaky test in the checkout flow. Today: integrating the new fraud detection API.,other
scrum_107,spk_2,The fraud API docs aren’t up yet—reach out to the vendor team. They promised it by EOD yesterday.,manager
scrum_107,spk_3,I’ll email them now and CC you.,other
scrum_108,spk_1,Worked on the search indexing bug. Found a race condition—fix is in review.,other
scrum_108,spk_2,"My Docker image build is failing on Alpine. Missing a libc package, I think.",junior
scrum_108,spk_3,Add libstdc++ to the install step. We hit this last sprint—check the billing service Dockerfile.,other
scrum_109,spk_1,Yesterday I completed the SSO integration. Today I’m writing the setup guide for ops.,other
scrum_109,spk_2,The load test results are in—API latency spiked under 10k concurrent users. We need to optimize the DB query.,other
scrum_109,spk_3,I’ll profile the query and suggest indexes. Should have a PR by tomorrow.,other
scrum_109,spk_4,Great. Let’s aim to cut the release candidate by Friday. Any blockers?,manager
scrum_110,spk_1,I was on-call last night—handled an alert about disk pressure on the message queue. Cleared it by restarting the consumer.,other
scrum_110,spk_2,"I’ll add disk usage monitoring to the dashboard today. Also, my refactor of the retry logic is done—PR ready.",other
scrum_110,spk_3,I’m trying to understand how the circuit breaker works in the client lib. The docs are outdated.,junior
scrum_110,spk_4,The real logic is in resilience.go—start there. I’ll update the README this afternoon.,other
